city,area,latitude,longitude,radius
Pune,Shivajinagar,18.5308,73.8475,2500
Pune,Deccan Gymkhana,18.5170,73.8410,2200
Pune,FC Road,18.5220,73.8417,1800
Pune,JM Road,18.5217,73.8478,1800
Pune,Sadashiv Peth,18.5101,73.8493,1800
Pune,Narayan Peth,18.5150,73.8517,1800
Pune,Shaniwar Peth,18.5194,73.8553,1800
Pune,Budhwar Peth,18.5158,73.8587,1800
Pune,Kasba Peth,18.5211,73.8585,1800
Pune,Raviwar Peth,18.5147,73.8646,1800
Pune,Camp,18.5122,73.8794,2500
Pune,MG Road,18.5130,73.8790,1800
Pune,Swargate,18.5018,73.8586,2200
Pune,Mandai,18.5121,73.8566,1600
Pune,Tilak Road,18.5068,73.8504,1800
Pune,Kothrud,18.5074,73.8077,3000
Pune,Karve Nagar,18.4901,73.8166,2500
Pune,Erandwane,18.5090,73.8310,2200
Pune,Paud Road,18.5094,73.7898,2500
Pune,Warje,18.4795,73.8020,3000
Pune,Bavdhan,18.5115,73.7760,3200
Pune,Pashan,18.5384,73.7939,3000
Pune,Aundh,18.5590,73.8075,3000
Pune,Baner,18.5590,73.7868,3200
Pune,Balewadi,18.5765,73.7730,3000
Pune,Sus,18.5527,73.7530,3000
Pune,Mahalunge,18.5700,73.7550,3000
Pune,Viman Nagar,18.5679,73.9143,3000
Pune,Kalyani Nagar,18.5481,73.9033,2500
Pune,Koregaon Park,18.5362,73.8938,2500
Pune,Yerwada,18.5526,73.8794,2800
Pune,Wadgaon Sheri,18.5514,73.9196,2800
Pune,Chandan Nagar,18.5611,73.9308,2500
Pune,Kharadi,18.5515,73.9340,3500
Pune,Wagholi,18.5808,73.9787,4000
Pune,Lohegaon,18.5959,73.9258,3500
Pune,Dhanori,18.5904,73.8927,3000
Pune,Vishrantwadi,18.5742,73.8783,2800
Pune,Tingre Nagar,18.5757,73.8976,2500
Pune,Katraj,18.4529,73.8652,3500
Pune,Bibwewadi,18.4718,73.8665,2500
Pune,Dhankawadi,18.4659,73.8539,2500
Pune,Sahakar Nagar,18.4818,73.8501,2200
Pune,Padmavati,18.4793,73.8580,2200
Pune,Market Yard,18.4862,73.8696,2200
Pune,Kondhwa,18.4777,73.8917,3500
Pune,NIBM Road,18.4687,73.9028,3000
Pune,Wanowrie,18.4934,73.9007,2500
Pune,Wanwadi,18.4897,73.8954,2500
Pune,Lulla Nagar,18.4867,73.8910,2000
Pune,Undri,18.4570,73.9082,3500
Pune,Pisoli,18.4444,73.9000,3000
Pune,Mohammed Wadi,18.4739,73.9150,3000
Pune,Sinhagad Road,18.4668,73.8191,3500
Pune,Vadgaon Budruk,18.4676,73.8244,2500
Pune,Dhayari,18.4417,73.8126,3000
Pune,Narhe,18.4487,73.8234,3000
Pune,Ambegaon,18.4504,73.8449,3000
Pune,Jambhulwadi,18.4440,73.8490,2500
Pune,Khadakwasla,18.4392,73.7677,3500
Pune,Uttam Nagar,18.4723,73.7786,3000
Pune,Hadapsar,18.5089,73.9260,3500
Pune,Magarpatta,18.5163,73.9325,2500
Pune,Amanora,18.5163,73.9408,2500
Pune,Mundhwa,18.5334,73.9326,3000
Pune,Manjari,18.5064,73.9736,3500
Pune,Shewalewadi,18.4960,73.9600,3000
Pune,Phursungi,18.4724,73.9758,3500
Pune,Bhekrai Nagar,18.4790,73.9560,2500
Pune,Loni Kalbhor,18.4893,74.0223,4000
Pune,Wakad,18.5976,73.7896,3500
Pune,Hinjewadi,18.5913,73.7389,4000
Pune,Tathawade,18.6200,73.7520,3000
Pune,Punawale,18.6272,73.7454,3000
Pune,Ravet,18.6461,73.7395,3500
Pune,Pimple Saudagar,18.5980,73.7972,3000
Pune,Pimple Nilakh,18.5721,73.7925,2500
Pune,Pimple Gurav,18.5899,73.8206,2500
Pune,Rahatani,18.6088,73.7991,2500
Pune,Thergaon,18.6155,73.7735,2500
Pune,Pimpri,18.6298,73.7997,3000
Pune,Chinchwad,18.6290,73.7816,3000
Pune,Akurdi,18.6494,73.7707,3000
Pune,Nigdi,18.6517,73.7611,3000
Pune,Chikhali,18.6719,73.8279,3500
Pune,Moshi,18.6738,73.8529,4000
Pune,Bhosari,18.6294,73.8452,3500
Pune,Dapodi,18.5818,73.8333,2500
Pune,Sangvi,18.5773,73.8233,2500
Pune,Talawade,18.7139,73.8295,3500
Pune,Dehu Road,18.6772,73.7327,3500
Mumbai,Colaba,18.9067,72.8147,2200
Mumbai,Cuffe Parade,18.9120,72.8190,1800
Mumbai,Fort,18.9340,72.8347,2200
Mumbai,Ballard Estate,18.9356,72.8394,1600
Mumbai,Churchgate,18.9322,72.8264,1800
Mumbai,Nariman Point,18.9256,72.8242,1600
Mumbai,Marine Lines,18.9440,72.8245,1800
Mumbai,Kalbadevi,18.9487,72.8309,1800
Mumbai,Crawford Market,18.9470,72.8346,1800
Mumbai,Bhuleshwar,18.9510,72.8301,1800
Mumbai,Girgaon,18.9543,72.8179,2000
Mumbai,Charni Road,18.9519,72.8188,1800
Mumbai,Malabar Hill,18.9548,72.7985,2200
Mumbai,Walkeshwar,18.9476,72.7957,1600
Mumbai,Grant Road,18.9633,72.8136,2000
Mumbai,Tardeo,18.9676,72.8141,1800
Mumbai,Mumbai Central,18.9696,72.8205,2200
Mumbai,Byculla,18.9750,72.8338,2500
Mumbai,Mazgaon,18.9686,72.8446,2200
Mumbai,Sandhurst Road,18.9616,72.8391,1800
Mumbai,Dongri,18.9622,72.8373,1800
Mumbai,Mandvi,18.9543,72.8388,1800
Mumbai,Parel,19.0094,72.8377,2500
Mumbai,Lower Parel,18.9953,72.8300,2500
Mumbai,Lalbaug,18.9930,72.8369,1800
Mumbai,Chinchpokli,18.9870,72.8331,1800
Mumbai,Sewri,19.0009,72.8540,2200
Mumbai,Worli,19.0176,72.8162,3000
Mumbai,Prabhadevi,19.0166,72.8295,2200
Mumbai,Dadar,19.0178,72.8478,3000
Mumbai,Shivaji Park,19.0270,72.8380,2200
Mumbai,Matunga,19.0269,72.8553,2500
Mumbai,Mahim,19.0353,72.8427,2500
Mumbai,Sion,19.0424,72.8634,2800
Mumbai,Dharavi,19.0380,72.8538,2200
Mumbai,Wadala,19.0176,72.8562,2500
Mumbai,Antop Hill,19.0208,72.8664,2000
Mumbai,Chembur,19.0622,72.9005,3500
Mumbai,Tilak Nagar,19.0685,72.8978,2200
Mumbai,Chunabhatti,19.0528,72.8697,2000
Mumbai,Govandi,19.0554,72.9157,2500
Mumbai,Deonar,19.0471,72.9051,2200
Mumbai,Mankhurd,19.0490,72.9330,2500
Mumbai,Trombay,19.0330,72.9200,2800
Mumbai,Bandra West,19.0596,72.8295,3000
Mumbai,Bandra East,19.0618,72.8496,2500
Mumbai,BKC,19.0676,72.8670,2500
Mumbai,Khar West,19.0697,72.8346,2500
Mumbai,Khar East,19.0690,72.8480,2200
Mumbai,Santacruz West,19.0822,72.8375,2500
Mumbai,Santacruz East,19.0794,72.8610,2500
Mumbai,Vile Parle West,19.1013,72.8406,2500
Mumbai,Vile Parle East,19.0968,72.8553,2500
Mumbai,Juhu,19.1075,72.8263,3000
Mumbai,Andheri West,19.1363,72.8277,3500
Mumbai,Andheri East,19.1155,72.8727,3500
Mumbai,Versova,19.1317,72.8147,2500
Mumbai,Seven Bungalows,19.1308,72.8176,2000
Mumbai,Four Bungalows,19.1264,72.8248,2000
Mumbai,Lokhandwala,19.1437,72.8248,2500
Mumbai,Oshiwara,19.1486,72.8354,2500
Mumbai,DN Nagar,19.1264,72.8305,2000
Mumbai,Amboli,19.1293,72.8434,2200
Mumbai,Chakala,19.1096,72.8602,2500
Mumbai,Marol,19.1197,72.8847,2500
Mumbai,Saki Naka,19.1034,72.8879,2500
Mumbai,JB Nagar,19.1133,72.8666,2200
Mumbai,Sahar,19.0974,72.8686,2500
Mumbai,SEEPZ,19.1261,72.8750,2200
Mumbai,Jogeshwari West,19.1437,72.8420,2500
Mumbai,Jogeshwari East,19.1374,72.8600,2500
Mumbai,Goregaon West,19.1663,72.8526,3000
Mumbai,Goregaon East,19.1663,72.8730,3000
Mumbai,Malad West,19.1860,72.8484,3200
Mumbai,Malad East,19.1833,72.8667,3000
Mumbai,Kandivali West,19.2058,72.8496,3200
Mumbai,Kandivali East,19.2058,72.8710,3200
Mumbai,Borivali West,19.2350,72.8498,3500
Mumbai,Borivali East,19.2307,72.8567,3500
Mumbai,Dahisar West,19.2494,72.8596,3000
Mumbai,Dahisar East,19.2560,72.8651,3000
Mumbai,Gorai,19.2445,72.7835,3200
Mumbai,IC Colony,19.2453,72.8508,2200
Mumbai,Eksar,19.2359,72.8496,2200
Mumbai,Shimpoli,19.2239,72.8482,2200
Mumbai,Kurla,19.0726,72.8845,3000
Mumbai,Vidyavihar,19.0798,72.8961,2200
Mumbai,Ghatkopar West,19.0896,72.9081,2800
Mumbai,Ghatkopar East,19.0854,72.9080,2800
Mumbai,Asalfa,19.0959,72.9008,2200
Mumbai,Powai,19.1176,72.9060,3500
Mumbai,Chandivali,19.1083,72.8978,2500
Mumbai,Hiranandani Powai,19.1187,72.9117,2200
Mumbai,Vikhroli West,19.1117,72.9281,2500
Mumbai,Vikhroli East,19.1050,72.9407,2500
Mumbai,Kanjurmarg,19.1294,72.9320,2500
Mumbai,Bhandup West,19.1511,72.9372,3000
Mumbai,Bhandup East,19.1466,72.9484,2500
Mumbai,Nahur,19.1562,72.9445,2200
Mumbai,Mulund West,19.1726,72.9425,3500
Mumbai,Mulund East,19.1686,72.9564,3000
Nashik,Nashik City Center,19.9975,73.7898,3000
Nashik,College Road,20.0063,73.7634,2200
Nashik,Gangapur Road,20.0210,73.7540,2500
Nashik,Panchavati,20.0109,73.7997,2500
Nashik,Indira Nagar,19.9678,73.7745,2800
Nashik,Cidco,19.9723,73.7523,3000
Nashik,Satpur,19.9961,73.7291,3000
Nashik,Ambad,19.9482,73.7380,3000
Nashik,Dwarka,19.9880,73.7991,2200
Nashik,MG Road,19.9942,73.7876,1800
Delhi NCR,Connaught Place,28.6315,77.2167,2200
Delhi NCR,Chandni Chowk,28.6506,77.2303,2000
Delhi NCR,Karol Bagh,28.6514,77.1907,2200
Delhi NCR,Lajpat Nagar,28.5700,77.2370,2500
Delhi NCR,South Extension,28.5684,77.2205,2200
Delhi NCR,Hauz Khas,28.5494,77.2001,2500
Delhi NCR,Saket,28.5244,77.2104,2500
Delhi NCR,Vasant Kunj,28.5293,77.1527,3500
Delhi NCR,Greater Kailash,28.5482,77.2426,2500
Delhi NCR,Dwarka,28.5921,77.0460,4000
Delhi NCR,Rohini,28.7159,77.1171,4000
Delhi NCR,Pitampura,28.6990,77.1384,3000
Delhi NCR,Rajouri Garden,28.6415,77.1209,2500
Delhi NCR,Janakpuri,28.6219,77.0878,3000
Delhi NCR,Preet Vihar,28.6387,77.2965,2500
Delhi NCR,Laxmi Nagar,28.6308,77.2773,2200
Delhi NCR,Mayur Vihar,28.6080,77.2954,3000
Delhi NCR,Shahdara,28.6738,77.2905,3000
Delhi NCR,Cyber City Gurgaon,28.4950,77.0895,3000
Delhi NCR,Golf Course Road Gurgaon,28.4595,77.1025,3500
Delhi NCR,Sector 29 Gurgaon,28.4682,77.0622,2500
Delhi NCR,Sohna Road Gurgaon,28.4112,77.0396,4000
Delhi NCR,Sector 18 Noida,28.5708,77.3260,2500
Delhi NCR,Sector 62 Noida,28.6208,77.3639,3500
Delhi NCR,Noida Extension,28.6095,77.4357,4000
Delhi NCR,Greater Noida,28.4744,77.5040,5000
Delhi NCR,Indirapuram Ghaziabad,28.6419,77.3695,3000
Delhi NCR,Vaishali Ghaziabad,28.6496,77.3396,2500
Delhi NCR,Raj Nagar Ghaziabad,28.6869,77.4398,3000
Delhi NCR,Sector 15 Faridabad,28.4069,77.3218,3000
Delhi NCR,NIT Faridabad,28.3845,77.3005,3500
Jaipur,MI Road,26.9185,75.8115,2200
Jaipur,Johari Bazaar,26.9216,75.8267,2000
Jaipur,Bapu Bazaar,26.9189,75.8236,1800
Jaipur,C Scheme,26.9103,75.8016,2200
Jaipur,Malviya Nagar,26.8530,75.8166,3000
Jaipur,Vaishali Nagar,26.9104,75.7423,3500
Jaipur,Mansarovar,26.8580,75.7656,3500
Jaipur,Raja Park,26.8996,75.8286,2200
Jaipur,Tonk Road,26.8722,75.7997,3000
Jaipur,Amer Road,26.9535,75.8450,3000
Jaipur,Civil Lines,26.9066,75.7877,2200
Jaipur,Jagatpura,26.8228,75.8471,4000
Jaipur,Sitapura,26.7778,75.8458,4000
Jaipur,Vidhyadhar Nagar,26.9634,75.7797,3500
Jaipur,Ajmer Road,26.8850,75.7266,4000
Hyderabad,Banjara Hills,17.4156,78.4357,2500
Hyderabad,Jubilee Hills,17.4319,78.4073,3000
Hyderabad,Madhapur,17.4483,78.3915,3000
Hyderabad,Gachibowli,17.4401,78.3489,3500
Hyderabad,Kondapur,17.4699,78.3578,3000
Hyderabad,Hitec City,17.4435,78.3772,2500
Hyderabad,Secunderabad,17.4399,78.4983,3000
Hyderabad,Begumpet,17.4447,78.4664,2500
Hyderabad,Ameerpet,17.4375,78.4482,2200
Hyderabad,Somajiguda,17.4265,78.4578,2000
Hyderabad,Abids,17.3888,78.4744,2200
Hyderabad,Charminar,17.3616,78.4747,2000
Hyderabad,Himayatnagar,17.4024,78.4870,2200
Hyderabad,Kukatpally,17.4948,78.3996,3500
Hyderabad,Miyapur,17.4968,78.3564,3000
Hyderabad,Dilsukhnagar,17.3688,78.5247,3000
Hyderabad,LB Nagar,17.3457,78.5522,3500
Hyderabad,Manikonda,17.3994,78.3789,3000
Bengaluru,Indiranagar,12.9784,77.6408,2500
Bengaluru,Koramangala,12.9352,77.6245,2800
Bengaluru,MG Road,12.9756,77.6066,2000
Bengaluru,Brigade Road,12.9719,77.6070,1800
Bengaluru,Jayanagar,12.9308,77.5838,3000
Bengaluru,JP Nagar,12.9063,77.5857,3000
Bengaluru,HSR Layout,12.9121,77.6446,3000
Bengaluru,Whitefield,12.9698,77.7500,4500
Bengaluru,Marathahalli,12.9591,77.6974,3000
Bengaluru,Bellandur,12.9304,77.6784,3000
Bengaluru,Electronic City,12.8452,77.6602,4000
Bengaluru,Malleshwaram,13.0031,77.5643,2500
Bengaluru,Rajajinagar,12.9982,77.5530,2800
Bengaluru,BTM Layout,12.9166,77.6101,2500
Bengaluru,Banashankari,12.9255,77.5468,3500
Bengaluru,Hebbal,13.0358,77.5970,3500
Bengaluru,Yelahanka,13.1007,77.5963,4000
Bengaluru,Basavanagudi,12.9421,77.5753,2500
Bengaluru,Kalyan Nagar,13.0280,77.6401,3000
Ahmedabad,Navrangpura,23.0373,72.5530,2200
Ahmedabad,CG Road,23.0322,72.5567,2000
Ahmedabad,SG Highway,23.0642,72.5186,4500
Ahmedabad,Prahlad Nagar,23.0123,72.5085,2500
Ahmedabad,Bodakdev,23.0396,72.5173,2500
Ahmedabad,Satellite,23.0276,72.5190,2500
Ahmedabad,Vastrapur,23.0360,72.5284,2200
Ahmedabad,Paldi,23.0135,72.5630,2200
Ahmedabad,Maninagar,22.9982,72.6025,2800
Ahmedabad,Bopal,23.0336,72.4633,3500
Ahmedabad,Thaltej,23.0583,72.5074,3000
Ahmedabad,Gota,23.1065,72.5401,3500
Ahmedabad,Chandkheda,23.1118,72.5854,3500
Ahmedabad,Ashram Road,23.0402,72.5714,2500
Ahmedabad,Naranpura,23.0560,72.5470,2500
Ahmedabad,Ellisbridge,23.0238,72.5668,2000
Ahmedabad,Gandhinagar,23.2156,72.6369,4500
Chandigarh,Sector 17,30.7415,76.7794,1800
Chandigarh,Sector 22,30.7317,76.7725,1800
Chandigarh,Sector 35,30.7226,76.7570,2000
Chandigarh,Sector 8,30.7423,76.7972,1800
Chandigarh,Sector 9,30.7479,76.7901,1800
Chandigarh,Sector 26,30.7258,76.8118,2000
Chandigarh,Sector 34,30.7208,76.7694,1800
Chandigarh,Sector 43,30.7135,76.7454,2000
Chandigarh,Manimajra,30.7200,76.8456,2500
Chandigarh,Mohali Phase 3B2,30.7067,76.7203,2000
Chandigarh,Mohali Phase 5,30.7099,76.7098,2000
Chandigarh,Mohali Phase 7,30.7001,76.7077,2200
Chandigarh,Mohali Sector 70,30.6865,76.7118,2500
Chandigarh,Mohali Sector 82 Airport Road,30.6655,76.7450,3500
Chandigarh,Panchkula Sector 8,30.6975,76.8528,2000
Chandigarh,Panchkula Sector 11,30.6883,76.8542,2000
Chandigarh,Zirakpur,30.6425,76.8173,3500
Kolkata,Park Street,22.5516,88.3524,2000
Kolkata,Salt Lake Sector 1,22.5937,88.4116,2500
Kolkata,Salt Lake Sector 5,22.5726,88.4312,2800
Kolkata,New Town,22.5958,88.4792,4000
Kolkata,Ballygunge,22.5280,88.3653,2200
Kolkata,Gariahat,22.5188,88.3658,2000
Kolkata,Alipore,22.5317,88.3312,2200
Kolkata,Jadavpur,22.4988,88.3718,2800
Kolkata,Behala,22.4983,88.3186,3500
Kolkata,Shyambazar,22.6023,88.3712,2200
Kolkata,Howrah,22.5958,88.2636,3500
Kolkata,Dum Dum,22.6433,88.4325,3500
Kolkata,Bhowanipore,22.5322,88.3456,2000
Kolkata,Tollygunge,22.4998,88.3458,2800
Kolkata,Lake Gardens,22.5054,88.3570,2000
Surat,Ghod Dod Road,21.1764,72.8055,2200
Surat,Athwa Lines,21.1723,72.8012,2500
Surat,Vesu,21.1442,72.7758,3500
Surat,Piplod,21.1610,72.7752,2500
Surat,Adajan,21.1963,72.7933,3000
Surat,Pal,21.1925,72.7667,3000
Surat,Varachha,21.2185,72.8634,3500
Surat,Katargam,21.2335,72.8276,3000
Surat,Ring Road,21.1922,72.8378,2500
Surat,Althan,21.1565,72.8123,2800
Surat,Rander,21.2173,72.7885,2500
Surat,City Light,21.1678,72.7925,2000
Surat,Nanpura,21.1895,72.8173,2000
Udaipur,Lake Pichola,24.5760,73.6800,2000
Udaipur,Fateh Sagar Lake,24.6033,73.6738,2200
Udaipur,Old City Lal Ghat,24.5802,73.6835,1600
Udaipur,Panchwati,24.5967,73.6931,2000
Udaipur,Hiran Magri Sector 3,24.5684,73.7142,2500
Udaipur,Hiran Magri Sector 4,24.5615,73.7225,2500
Udaipur,Hiran Magri Sector 5,24.5532,73.7288,2500
Udaipur,Fatehpura,24.6105,73.6987,2200
Udaipur,Sukhadia Circle,24.6015,73.6946,1800
Udaipur,Shobhagpura,24.6189,73.7126,2500
Udaipur,Bhuwana,24.6318,73.7170,3000
Udaipur,Goverdhan Vilas,24.5423,73.6872,3000
Udaipur,Bapu Bazaar,24.5854,73.6935,1800
Goa,Panaji,15.4909,73.8278,3000
Goa,Fontainhas Panaji,15.4967,73.8322,1500
Goa,Miramar,15.4808,73.8118,2200
Goa,Candolim,15.5180,73.7663,2500
Goa,Calangute,15.5439,73.7553,2500
Goa,Baga,15.5553,73.7517,2000
Goa,Anjuna,15.5782,73.7425,3000
Goa,Vagator,15.5986,73.7441,2500
Goa,Morjim,15.6319,73.7371,3000
Goa,Ashwem Mandrem,15.6602,73.7180,3500
Goa,Margao,15.2832,73.9862,3500
Goa,Colva,15.2798,73.9142,2800
Goa,Benaulim,15.2588,73.9248,3000
Goa,Varca,15.2215,73.9318,3000
Goa,Cavelossim,15.1764,73.9452,3000
Goa,Mapusa,15.5927,73.8152,3000
Goa,Porvorim,15.5342,73.8276,2800
Goa,Vasco da Gama,15.3959,73.8157,3500
Chennai,T Nagar,13.0418,80.2341,2200
Chennai,Mylapore,13.0368,80.2676,2200
Chennai,Adyar,13.0012,80.2565,2500
Chennai,Besant Nagar,12.9996,80.2690,2000
Chennai,Anna Nagar,13.0850,80.2101,3000
Chennai,Nungambakkam,13.0569,80.2425,2200
Chennai,Alwarpet,13.0336,80.2514,2000
Chennai,Velachery,12.9815,80.2180,3000
Chennai,Thiruvanmiyur,12.9830,80.2594,2500
Chennai,OMR Porur,13.0359,80.1567,3500
Chennai,OMR Sholinganallur,12.9010,80.2279,4000
Chennai,Kilpauk,13.0805,80.2394,2200
Chennai,George Town,13.0934,80.2872,2500
Chennai,Tambaram,12.9249,80.1000,4000
Indore,Vijay Nagar,22.7533,75.8937,2800
Indore,Palasia,22.7244,75.8839,2200
Indore,New Palasia,22.7289,75.8821,2000
Indore,Old Palasia,22.7198,75.8856,2000
Indore,Rajwada,22.7186,75.8552,2000
Indore,MG Road,22.7214,75.8710,2000
Indore,AB Road,22.7420,75.8920,3000
Indore,Bhawarkua,22.6934,75.8672,2500
Indore,Annapurna,22.7001,75.8365,2500
Indore,Sapna Sangeeta,22.7056,75.8712,2000
Indore,Rau,22.6318,75.8080,3500
Indore,Super Corridor,22.7667,75.8211,4000
Indore,Khajrana,22.7380,75.9080,2800
Lucknow,Hazratganj,26.8467,80.9462,2200
Lucknow,Gomti Nagar,26.8529,80.9992,3500
Lucknow,Gomti Nagar Extension,26.8322,81.0255,3500
Lucknow,Aliganj,26.8872,80.9416,2800
Lucknow,Indira Nagar,26.8791,80.9888,3000
Lucknow,Mahanagar,26.8732,80.9535,2200
Lucknow,Alambagh,26.8123,80.9023,3000
Lucknow,Aminabad,26.8465,80.9264,1800
Lucknow,Chowk,26.8687,80.9056,2200
Lucknow,Jankipuram,26.9175,80.9482,3500
Lucknow,Ashiyana,26.7901,80.9055,3000
Lucknow,Vikas Nagar,26.8967,80.9634,2500
Kochi,MG Road,9.9723,76.2829,2200
Kochi,Marine Drive,9.9816,76.2758,2000
Kochi,Fort Kochi,9.9658,76.2421,2200
Kochi,Mattancherry,9.9577,76.2599,2000
Kochi,Panampilly Nagar,9.9610,76.2974,2000
Kochi,Kadavanthra,9.9678,76.3025,2000
Kochi,Kaloor,9.9984,76.2996,2500
Kochi,Palarivattom,10.0076,76.3115,2500
Kochi,Edappally,10.0261,76.3125,3000
Kochi,Kakkanad Infopark,10.0159,76.3639,3500
Kochi,Vyttila,9.9674,76.3216,2500
Kochi,Tripunithura,9.9469,76.3470,3000
Kochi,Aluva,10.1076,76.3516,3500
Bhopal,MP Nagar Zone 1,23.2332,77.4343,2000
Bhopal,MP Nagar Zone 2,23.2356,77.4390,2000
Bhopal,New Market TT Nagar,23.2335,77.4021,2200
Bhopal,Arera Colony E1 to E4,23.2185,77.4300,2800
Bhopal,Arera Colony E5 to E8,23.1978,77.4356,3000
Bhopal,Kolar Road,23.1742,77.4190,3500
Bhopal,Hoshangabad Road,23.1895,77.4612,4000
Bhopal,Shahpura,23.2052,77.4278,2200
Bhopal,Bairagarh Sant Hirdaram Nagar,23.2731,77.3421,3000
Bhopal,Old City Chowk,23.2599,77.4042,2200
Bhopal,Ayodhya Bypass,23.2721,77.4689,3500
Nagpur,Dharampeth,21.1442,79.0628,2200
Nagpur,Ramdaspeth,21.1378,79.0760,2000
Nagpur,Dhantoli,21.1340,79.0838,2000
Nagpur,Sitabuldi,21.1466,79.0830,1800
Nagpur,Sadar,21.1610,79.0825,2200
Nagpur,Civil Lines,21.1565,79.0689,2500
Nagpur,Wardha Road,21.0967,79.0655,3500
Nagpur,Pratap Nagar,21.1189,79.0552,2200
Nagpur,Laxmi Nagar,21.1215,79.0654,2000
Nagpur,Manish Nagar,21.0934,79.0825,2500
Nagpur,Besur,21.0995,79.0988,2800
Nagpur,Gandhibagh,21.1512,79.1089,2200
Nagpur,Itwari,21.1542,79.1178,2200
Jodhpur,Sardarpura,26.2750,73.0125,2200
Jodhpur,Clock Tower Sardar Market,26.2952,73.0238,1800
Jodhpur,Old City Blue City,26.2985,73.0189,1800
Jodhpur,Ratanada,26.2736,73.0335,2200
Jodhpur,Shastri Nagar,26.2705,73.0032,2500
Jodhpur,Paota,26.3012,73.0425,2500
Jodhpur,Mandore Road,26.3350,73.0410,3000
Jodhpur,Chopasni Housing Board,26.2655,72.9754,3500
Jodhpur,Pal Road,26.2482,72.9860,3500
Jodhpur,Bhadwasia,26.3142,73.0610,3000
Jodhpur,Basni Industrial Area,26.2305,73.0078,3500
